<?xml version="1.0" encoding="utf-8"?>
<?xml-stylesheet type='text/xsl' href='ConversionLogFile.xsl'?>
<LogFile projectName="FactoryIO_Template_S7-1500_V15" typeText="类型" messageText="消息" timeText="时间">
  <MessageCell ServiceId="80" MessageId="30" MessageClass="Information" Timestamp="2023/4/29 11:58:48">
    <Number ServiceNumber="80" MessageNumber="30" />
    <Text FeedbackText="已开始升级" />
    <Help HelpId="-1" />
  </MessageCell>
  <Details ServiceId="80" MessageId="30" Timestamp="2023/4/29 11:58:49" Debug="false">
    <Text>Reorganization succeed!</Text>
  </Details>
  <MessageCell ServiceId="80" MessageId="30" MessageClass="Information" Timestamp="2023/4/29 11:58:49">
    <Number ServiceNumber="80" MessageNumber="30" />
    <Text FeedbackText="CheckRepair lost+found objects" />
    <Help HelpId="-1" />
  </MessageCell>
  <Details ServiceId="80" MessageId="30" Timestamp="2023/4/29 11:58:49" Debug="false">
    <Text>No error is detected.</Text>
  </Details>
  <MessageCell ServiceId="80" MessageId="30" MessageClass="Information" Timestamp="2023/4/29 11:58:49">
    <Number ServiceNumber="80" MessageNumber="30" />
    <Text FeedbackText="CheckRepair missing bidirectional links" />
    <Help HelpId="-1" />
  </MessageCell>
  <Details ServiceId="80" MessageId="30" Timestamp="2023/4/29 11:58:49" Debug="false">
    <Text>No error is detected.</Text>
  </Details>
  <MessageCell ServiceId="80" MessageId="30" MessageClass="Information" Timestamp="2023/4/29 11:58:50">
    <Number ServiceNumber="80" MessageNumber="30" />
    <Text FeedbackText="CheckRepair clear segment flags" />
    <Help HelpId="-1" />
  </MessageCell>
  <Details ServiceId="80" MessageId="30" Timestamp="2023/4/29 11:58:50" Debug="false">
    <Text>No error is detected.</Text>
  </Details>
  <MessageCell ServiceId="80" MessageId="30" MessageClass="Information" Timestamp="2023/4/29 11:58:59">
    <Number ServiceNumber="80" MessageNumber="30" />
    <Text FeedbackText="C0010:1015 Repair 'Comment' for DeviceDataObject 'S71500/ET200MP-Station_1'. Comment object had no culture infos." />
    <Help HelpId="-1" />
  </MessageCell>
  <MessageCell ServiceId="80" MessageId="30" MessageClass="Warning" Timestamp="2023/4/29 11:59:06">
    <Number ServiceNumber="80" MessageNumber="30" />
    <Text FeedbackText="项目元素：“\PLC_1\ProgramBlocksFolder\MHJ-PLC-Lab-Function-S71500”- “General”的校验和不一致." />
    <Help HelpId="-1" />
  </MessageCell>
  <MessageCell ServiceId="80" MessageId="30" MessageClass="Warning" Timestamp="2023/4/29 11:59:06">
    <Number ServiceNumber="80" MessageNumber="30" />
    <Text FeedbackText="项目元素：“\PLC_1\ProgramBlocksFolder\Main”- “General; Event”的校验和不一致." />
    <Help HelpId="-1" />
  </MessageCell>
  <MessageCell ServiceId="80" MessageId="30" MessageClass="Information" Timestamp="2023/4/29 11:59:08">
    <Number ServiceNumber="80" MessageNumber="30" />
    <Text FeedbackText="正在转换交叉引用信息。" />
    <Help HelpId="-1" />
  </MessageCell>
  <MessageCell ServiceId="80" MessageId="30" MessageClass="Information" Timestamp="2023/4/29 11:59:09">
    <Number ServiceNumber="80" MessageNumber="30" />
    <Text FeedbackText="交叉引用信息已成功创建." />
    <Help HelpId="-1" />
  </MessageCell>
  <MessageCell ServiceId="80" MessageId="30" MessageClass="Information" Timestamp="2023/4/29 11:59:09">
    <Number ServiceNumber="80" MessageNumber="30" />
    <Text FeedbackText="交叉引用信息转换完成。" />
    <Help HelpId="-1" />
  </MessageCell>
  <Details ServiceId="80" MessageId="30" Timestamp="2023/4/29 11:59:09" Debug="false">
    <Text>Package container 'Siemens.Simatic.Lang.S7PSW.V15.0.0.0.NonMandatory' was deleted</Text>
  </Details>
  <Details ServiceId="80" MessageId="30" Timestamp="2023/4/29 11:59:09" Debug="false">
    <Text>Product version 'Siemens.Simatic.STEP7.Professional:15.00.00.00' was deleted</Text>
  </Details>
  <Details ServiceId="80" MessageId="30" Timestamp="2023/4/29 11:59:09" Debug="false">
    <Text>Product version 'Siemens.Simatic.STEP7.Basic:15.00.00.00' was deleted</Text>
  </Details>
  <MessageCell ServiceId="Automation-ObjectFrame-Feedbacks" MessageId="ConversionInfoTabProjectSucceeded" MessageClass="Success" Timestamp="2023/4/29 11:59:10">
    <Number ServiceNumber="80" MessageNumber="34" />
    <Text FeedbackText="项目“C:\Users\20666\Desktop\Project\新建文件夹\FactoryIO_Template_S7-1500_V15\FactoryIO_Template_S7-1500_V15\System\PEData.plf”已成功升级并另存为项目“C:\Users\20666\Desktop\Project\新建文件夹\FactoryIO_Template_S7-1500_V15\FactoryIO_Template_S7-1500_V15_V18\System\PEData.plf”。" />
    <Help HelpId="-1" HelpFile="" />
  </MessageCell>
  <MessageCell ServiceId="80" MessageId="30" MessageClass="Information" Timestamp="2023/4/29 11:59:10">
    <Number ServiceNumber="80" MessageNumber="30" />
    <Text FeedbackText="FinalCheckRemainingErrors" />
    <Help HelpId="-1" />
  </MessageCell>
  <Details ServiceId="80" MessageId="30" Timestamp="2023/4/29 11:59:10" Debug="false">
    <Text>No error is detected.</Text>
  </Details>
</LogFile>